Grant ID,Organization,Discipline,Project Title,Total.Positions.Awarded,New,Existing,Expanding,Amount Awarded,County,Tier Level,Remove
2253175-2122,"Charles R Drew University of Medicine and Science, College of Medicine Family Medicine Residency Program",FM,FY 2021-22,1,0,1,0,150000,Los Angeles,Tier 2,
2253175-1920,"Charles R Drew University of Medicine and Science, College of Medicine Family Medicine Residency Program",FM,FY 2019-20,2,2,0,0,450000,Los Angeles,Tier 2,
2253203-2122,UC Irvine Family Medicine Residency Program,FM,FY 2021-22,3,0,3,0,450000,Orange,Tier 2,
2253166-2122,University of California (San Diego) Emergency Medicine Residency Program,EM,FY 2021-22,1,0,0,1,240000,San Diego,Tier 2,
2253232-2122,Adventist Health White Memorial Obstetrics/Gynecology Residency Program,OBGYN,FY 2021-22,3,0,3,0,600000,Los Angeles,Tier 2,
2253293-2122,University of Southern California/LAC+USC MEDCEN IM/PEDS,Combined Program,FY 2021-22,3,0,3,0,600000,Los Angeles,Tier 2,Yes
2253160-2021,Kaweah Delta Health Care District Family Medicine Residency Program,FM,FY 2020-21,1,0,1,0,150000,Tulare,Tier 1,
2253160-2122,Kaweah Delta Health Care District Family Medicine Residency Program,FM,FY 2021-22,1,0,1,0,150000,Tulare,Tier 1,
2253194-1920,Riverside University Health System/UCR Family Medicine Residency Program,FM,FY 2019-20,1,0,1,0,150000,Riverside,Tier 1,
2253194-2122,Riverside University Health System/UCR Family Medicine Residency Program,FM,FY 2021-22,3,0,3,0,450000,Riverside,Tier 1,
2253217-2122,Kern Medical Center Internal Medicine Residency Program,IM,FY 2021-22,2,0,2,0,300000,Kern,Tier 1,
2253194-2021,Riverside University Health System/UCR Family Medicine Residency Program,FM,FY 2020-21,1,0,1,0,150000,Riverside,Tier 1,
2253217-2021,Kern Medical Center Internal Medicine Residency Program,IM,FY 2020-21,1,0,1,0,150000,Kern,Tier 1,
2253161-2122,Kern Medical Center Emergency Medicine Residency Program,EM,FY 2021-22,1,0,1,0,200000,Kern,Tier 1,
2253187-2122,LA County-Harbor-UCLA Medical Center Family Medicine Residency Program,FM,FY 2021-22,1,0,1,0,150000,Los Angeles,Tier 2,
2253189-2021,Mercy Medical Center (Merced) Family Medicine Residency Program,FM,FY 2020-21,1,0,1,0,150000,Merced,Tier 1,
2253189-2122,Mercy Medical Center (Merced) Family Medicine Residency Program,FM,FY 2021-22,3,0,3,0,450000,Merced,Tier 1,
2253189-1920,Mercy Medical Center (Merced) Family Medicine Residency Program,FM,FY 2019-20,1,0,1,0,150000,Merced,Tier 1,
2253161-2021,Kern Medical Center Emergency Medicine Residency Program,EM,FY 2020-21,1,0,1,0,200000,Kern,Tier 1,
2253290-2122,Stanford Health Care Sponsored - Sponsored Stanford University PEDS/Anesthesiology,Combined Program,FY 2021-22,2,0,2,0,250000,San Mateo,Tier 2,Yes
2253161-1819,Kern Medical Center Emergency Medicine Residency Program,EM,FY 2018-19,2,0,2,0,600000,Kern,Tier 1,
2253276-2122,UHS Southern California Medical Education Consortium Emergency Medicine Residency Program,EM,FY 2021-22,1,1,0,0,225000,Riverside,Tier 1,
2253239-2122,Kern Medical Center Obstetrics and Gynecology Residency Program,OBGYN,FY 2021-22,2,0,2,0,400000,Kern,Tier 1,
2253171-1920,Adventist Health Hanford Family Medicine Residency Program,FM,FY 2019-20,2,0,0,2,360000,Kings,Tier 1,
2253171-2122,Adventist Health Hanford Family Medicine Residency Program,FM,FY 2021-22,1,0,1,0,150000,Kings,Tier 1,
2253281-2122,LA County-Harbor-UCLA Internal Medicine Program,IM,FY 2021-22,1,0,1,0,150000,Los Angeles,Tier 2,
2253266-2122,Adventist Health Tulare Family Medicine Residency Program,FM,FY 2021-22,1,1,0,0,225000,Tulare,Tier 1,
2253196-2122,Scripps Mercy Hospital Family Medicine Residency Program,FM,FY 2021-22,1,0,0,1,180000,San Diego,Tier 2,
2253266-2021,Adventist Health Tulare Family Medicine Residency Program,FM,FY 2020-21,3,3,0,0,675000,Tulare,Tier 1,
2253211-2021,Alameda Health System-Highland Hospital Internal Medicine Residency Program,IM,FY 2020-21,1,0,1,0,150000,Alameda,Tier 3,
2253260-1920,UCSD Obstetrics and Gynecology Residency Training Program,OBGYN,FY 2019-20,2,0,1,1,440000,San Diego,Tier 2,
2253239-2021,Kern Medical Center Obstetrics and Gynecology Residency Program,OBGYN,FY 2020-21,4,0,4,0,800000,Kern,Tier 1,
2253211-2122,Alameda Health System-Highland Hospital Internal Medicine Residency Program,IM,FY 2021-22,2,0,2,0,300000,Alameda,Tier 3,
2253239-1920,Kern Medical Center Obstetrics and Gynecology Residency Program,OBGYN,FY 2019-20,4,0,3,1,840000,Kern,Tier 1,
2253264-2122,UHS Southern California Medical Education Consortium Internal Medicine Residency Program,IM,FY 2021-22,1,1,0,0,225000,Los Angeles,Tier 2,
2253252-1920,Valley Children's Healthcare Pediatric Residency Program,Peds,FY 2019-20,5,5,0,0,1125000,Madera,Tier 1,
2253252-2021,Valley Children's Healthcare Pediatric Residency Program,Peds,FY 2020-21,5,0,5,0,750000,Madera,Tier 1,
2253252-2122,Valley Children's Healthcare Pediatric Residency Program,Peds,FY 2021-22,2,0,2,0,300000,Madera,Tier 1,
2253202-2122,UCLA David Geffen School of Medicine/UCLA Family Medicine Residency Training Program,FM,FY 2021-22,1,0,1,0,150000,Los Angeles,Tier 2,
2253202-2021,UCLA David Geffen School of Medicine/UCLA Family Medicine Residency Training Program,FM,FY 2020-21,1,0,1,0,150000,Los Angeles,Tier 2,
2253156-2122,Alameda Health System-Highland Hospital Emergency Medicine Residency Program,EM,FY 2021-22,1,0,1,0,200000,Alameda,Tier 3,
2253162-2122,Loma Linda University Health Education Consortium Emergency Medicine Residency,EM,FY 2021-22,1,0,0,1,180000,San Bernardino,Tier 1,
2253186-2122,Loma Linda University Health Education Consortium Family Medicine Residency Program,FM,FY 2021-22,3,0,1,2,510000,San Bernardino,Tier 1,
2253218-2122,Loma Linda University Health Education Consortium Internal Medicine Residency Program,IM,FY 2021-22,3,0,3,0,450000,San Bernardino,Tier 1,
2253272-2021,Loma Linda University Medical Center - Murrieta Family Medicine Residency Program,FM,FY 2020-21,1,1,0,0,225000,Riverside,Tier 1,
2253280-2122,KPC Health - Hemet Global Medical Center Family Medicine Residency Program.,FM,FY 2021-22,1,0,1,0,150000,Riverside,Tier 1,
2253247-1920,University of California (San Francisco) Pediatric Leaders Advancing Health Equity (PLUS) Program,Peds,FY 2019-20,5,0,4,1,780000,San Francisco,Tier 3,
2253247-2021,University of California (San Francisco) Pediatric Leaders Advancing Health Equity (PLUS) Program,Peds,FY 2020-21,3,0,3,0,450000,San Francisco,Tier 3,
2253251-2122,University of Southern California/LAC+USC Medical Center Pediatric Residency Program,Peds,FY 2021-22,1,0,1,0,150000,Los Angeles,Tier 2,
2253247-2122,University of California (San Francisco) Pediatric Leaders Advancing Health Equity (PLUS) Program,Peds,FY 2021-22,2,0,2,0,300000,San Francisco,Tier 3,
2253277-2122,St. Agnes Medical Center (Fresno) Emergency Medicine Residency Program,EM,FY 2021-22,1,1,0,0,225000,Fresno,Tier 1,
2253267-2021,Desert Regional Medical Center Family Medicine Residency Program,FM,FY 2020-21,2,2,0,0,450000,Riverside,Tier 1,
2253275-2122,Riverside University Health System Internal Medicine Residency Program,IM,FY 2021-22,3,3,0,0,675000,Riverside,Tier 1,
2253282-2122,Loma Linda University Health Education Consortium Internal Medicine/Pediatrics Residency Program,Combined Program,FY 2021-22,2,0,2,0,400000,Riverside,Tier 1,Yes
2253241-2122,Loma Linda University Health Education Consortium Obstetrics and Gynecology Residency Program,OBGYN,FY 2021-22,5,0,3,2,1080000,San Bernardino,Tier 1,
2253240-2122,Stanford Pediatrics Residency Program,Peds,FY 2021-22,3,0,0,3,540000,San Mateo,Tier 2,
2253237-2122,Loma Linda University Health Education Consortium Pediatric Residency Program,Peds,FY 2021-22,5,0,5,0,750000,San Bernardino,Tier 1,
2253185-2122,Kaweah Delta Healthcare District Emergency Medicine Residency Program,EM,FY 2021-22,1,0,1,0,150000,Tulare,Tier 1,
2253179-2122,Contra Costa Regional Medical Center Family Medicine Residency Program,FM,FY 2021-22,1,0,1,0,150000,Contra Costa,Tier 2,
2253188-2122,Marian Regional Medical Center Family Medicine Residency Program,FM,FY 2021-22,1,0,1,0,150000,Santa Barbara,Tier 2,
2253208-2122,"Valley Health Team, Inc. Family Medicine Residency Program",FM,FY 2021-22,1,0,1,0,150000,Fresno,Tier 1,
2253257-2122,St. Agnes Medical Center (Fresno) Family Medicine Residency Program,FM,FY 2021-22,1,1,0,0,225000,Fresno,Tier 1,
2253258-2122,UCSF Benioff Children's Hospital Oakland Pediatric Residency Program,Peds,FY 2021-22,2,0,2,0,300000,Alameda,Tier 3,
2253224-2021,San Joaquin General Hospital Internal Medicine Residency Program,IM,FY 2020-21,1,0,1,0,150000,San Joaquin,Tier 1,
2253224-2122,San Joaquin General Hospital Internal Medicine Residency Program,IM,FY 2021-22,2,0,2,0,300000,San Joaquin,Tier 1,
2253249-2122,University of California (San Francisco)/Fresno Pediatric Residency Program,Peds,FY 2021-22,5,0,5,0,750000,Fresno,Tier 1,
2253267-2122,Desert Regional Medical Center Family Medicine Residency Program,FM,FY 2021-22,1,1,0,0,225000,Riverside,Tier 1,
2253228-1920,St. Agnes Medical Center (Fresno) Internal Medicine Residency Program,IM,FY 2019-20,5,5,0,0,1125000,Fresno,Tier 1,
2253228-2021,St. Agnes Medical Center (Fresno) Internal Medicine Residency Program,IM,FY 2020-21,3,3,0,0,675000,Fresno,Tier 1,
2253181-2021,Eisenhower Medical Center Family Medicine Residency Program,FM,FY 2020-21,1,0,1,0,150000,Riverside,Tier 1,
2253159-2122,Eisenhower Medical Center Emergency Medicine Residency Program,EM,FY 2021-22,1,1,0,0,225000,Riverside,Tier 1,
2253181-2122,Eisenhower Medical Center Family Medicine Residency Program,FM,FY 2021-22,3,0,3,0,450000,Riverside,Tier 1,
2253215-2122,Eisenhower Medical Center Internal Medicine Residency Program,IM,FY 2021-22,1,0,1,0,150000,Riverside,Tier 1,
2253265-2021,UHS Southern California Medical Education Consortium Family Medicine Residency Program,FM,FY 2020-21,3,3,0,0,675000,Riverside,Tier 1,
2253265-2122,UHS Southern California Medical Education Consortium Family Medicine Residency Program,FM,FY 2021-22,3,3,0,0,675000,Riverside,Tier 1,
2253179-1920,Contra Costa Regional Medical Center Family Medicine Residency Program,FM,FY 2019-20,1,0,1,0,150000,Contra Costa,Tier 2,
2253184-2021,Kaiser Permanente Santa Rosa Family Medicine Residency Program,FM,FY 2020-21,1,1,0,0,225000,Sonoma,Tier 2,
2253184-1920,Kaiser Permanente Santa Rosa Family Medicine Residency Program,FM,FY 2019-20,1,1,0,0,225000,Sonoma,Tier 2,
2253179-2021,Contra Costa Regional Medical Center Family Medicine Residency Program,FM,FY 2020-21,1,0,1,0,150000,Contra Costa,Tier 2,
2253176-2122,Emanate Health (Citrus Valley Health Partners) Family Medicine Residency Program,FM,FY 2021-22,1,0,1,0,150000,Los Angeles,Tier 2,
2253190-2122,Natividad Medical Center Family Medicine Residency Program,FM,FY 2021-22,1,0,1,0,150000,Monterey,Tier 2,
2253240-1920,Stanford Pediatrics Residency Program,Peds,FY 2019-20,4,0,4,0,600000,San Mateo,Tier 2,
2253158-2122,Desert Regional Medical Center Emergency Medicine Residency Program,EM,FY 2021-22,1,0,0,1,180000,Riverside,Tier 1,
2253205-2122,University of California Davis Health Family Medicine Residency Program,FM,FY 2021-22,1,0,1,0,150000,Sacramento,Tier 2,
2253285-2122,Prime West Consortium/Centinela Hospital Medical Center Internal Medicine Residency Program,IM,FY 2021-22,2,2,0,0,450000,Los Angeles,Tier 2,
2253222-2122,Prime West Consortium/West Anaheim Medical Center Internal Medicine Residency Program,IM,FY 2021-22,1,0,1,0,150000,Orange,Tier 2,
2253238-2122,LA County-Harbor-UCLA Medical Center Pediatric Residency Program,Peds,FY 2021-22,2,0,2,0,300000,Los Angeles,Tier 2,
2253218-2021,Loma Linda University Health Education Consortium Internal Medicine Residency Program,IM,FY 2020-21,2,0,2,0,300000,San Bernardino,Tier 1,
2253185-2021,Kaweah Delta Healthcare District Emergency Medicine Residency Program,EM,FY 2020-21,1,0,0,1,180000,Tulare,Tier 1,
2253185-1920,Kaweah Delta Healthcare District Emergency Medicine Residency Program,EM,FY 2019-20,1,0,1,0,150000,Tulare,Tier 1,
2253237-2021,Loma Linda University Health Education Consortium Pediatric Residency Program,Peds,FY 2020-21,5,0,5,0,750000,San Bernardino,Tier 1,
2253186-2021,Loma Linda University Health Education Consortium Family Medicine Residency Program,FM,FY 2020-21,1,0,0,1,180000,San Bernardino,Tier 1,
2253162-2021,Loma Linda University Health Education Consortium Emergency Medicine Residency,EM,FY 2020-21,1,0,0,1,180000,San Bernardino,Tier 1,
2253241-2021,Loma Linda University Health Education Consortium Obstetrics and Gynecology Residency Program,OBGYN,FY 2020-21,5,0,5,0,1000000,San Bernardino,Tier 1,
2253162-1920,Loma Linda University Health Education Consortium Emergency Medicine Residency,EM,FY 2019-20,3,0,0,3,540000,San Bernardino,Tier 1,
2253237-1920,Loma Linda University Health Education Consortium Pediatric Residency Program,Peds,FY 2019-20,5,0,5,0,750000,San Bernardino,Tier 1,
2253218-1920,Loma Linda University Health Education Consortium Internal Medicine Residency Program,IM,FY 2019-20,4,0,0,4,720000,San Bernardino,Tier 1,
2253186-1920,Loma Linda University Health Education Consortium Family Medicine Residency Program,FM,FY 2019-20,2,0,0,2,360000,San Bernardino,Tier 1,
2253256-2122,University of Southern California/LAC+USC Medical Center Obstetrics and Gynecology Residency Program,OBGYN,FY 2021-22,5,0,5,0,1000000,Los Angeles,Tier 2,
2253198-2021,St. Joseph Health Family Medicine Residency Program,FM,FY 2020-21,1,1,0,0,225000,Humboldt,Tier 2,
2253229-2021,University of California (San Francisco)/Fresno Internal Medicine Residency Program,IM,FY 2020-21,1,0,1,0,150000,Fresno,Tier 1,
2253229-2122,University of California (San Francisco)/Fresno Internal Medicine Residency Program,IM,FY 2021-22,1,0,1,0,150000,Fresno,Tier 1,
2253230-2021,University of California Davis Health Internal Medicine Residency Program,IM,FY 2020-21,1,0,1,0,150000,Sacramento,Tier 2,
2253254-1819,University of California (San Francisco)/Fresno Obstetrics and Gynecology Residency Program,OBGYN,FY 2018-19,5,0,5,0,1500000,Fresno,Tier 1,
2253254-1920,University of California (San Francisco)/Fresno Obstetrics and Gynecology Residency Program,OBGYN,FY 2019-20,4,0,3,1,840000,Fresno,Tier 1,
2253254-2122,University of California (San Francisco)/Fresno Obstetrics and Gynecology Residency Program,OBGYN,FY 2021-22,3,0,3,0,600000,Fresno,Tier 1,
2253209-2122,Ventura County Medical Center Family Medicine Residency Program,FM,FY 2021-22,1,0,1,0,150000,Ventura,Tier 2,
2253170-2122,University of Southern California/LAC+USC Medical Center Emergency Medicine Residency Program,EM,FY 2021-22,3,0,3,0,600000,Los Angeles,Tier 2,
2253286-2122,Prime West Consortium/Chino Valley Medical Center Family Medicine Residency Program,FM,FY 2021-22,1,0,0,1,180000,Los Angeles,Tier 2,
2253268-2021,Kaiser Permanente Northern California Greater Sacramento Valley Family Medicine Residency Program,FM,FY 2020-21,1,1,0,0,225000,Sacramento,Tier 2,
2253271-2021,Sutter Health Rural Family Medicine Residency Program,FM,FY 2020-21,1,1,0,0,225000,Amador,Tier 2,
2253235-1920,Kaiser Permanente Northern California (Oakland) Obstetrics and Gynecology Residency Program,OBGYN,FY 2019-20,2,0,0,2,440000,Alameda,Tier 3,
2253235-1819,Kaiser Permanente Northern California (Oakland) Obstetrics and Gynecology Residency Program,OBGYN,FY 2018-19,1,0,0,1,300000,Alameda,Tier 3,
2253261-2122,LifeLong Medical Care Family Medicine Residency Program,FM,FY 2021-22,3,3,0,0,675000,Contra Costa,Tier 2,
2253199-2122,St. Joseph's Medical Center Family Medicine Residency Program,FM,FY 2021-22,1,0,1,0,150000,San Joaquin,Tier 1,
2253199-2021,St. Joseph's Medical Center Family Medicine Residency Program,FM,FY 2020-21,3,3,0,0,675000,San Joaquin,Tier 1,
2253201-2122,Sutter Santa Rosa Regional Hospital/University of California (San Francisco) Family Medicine Residency Program,FM,FY 2021-22,1,0,1,0,150000,Sonoma,Tier 2,
2253169-2122,University of California (San Francisco)/San Francisco General Hospital Emergency Medicine Residency Program,EM,FY 2021-22,1,0,0,1,240000,San Francisco,Tier 3,
2253273-2122,Los Robles Regional Medical Center Internal Medicine Residency Program,IM,FY 2021-22,1,1,0,0,225000,Ventura,Tier 2,
2253243-1819,LA County-Harbor-UCLA Medical Center Obstetrics and Gynecology Residency Program,OBGYN,FY 2018-19,1,0,1,0,300000,Los Angeles,Tier 2,
2253214-2122,Community Memorial Health System Internal Medicine Residency Program,IM,FY 2021-22,1,0,1,0,150000,Ventura,Tier 2,
2253204-2122,University of California (San Francisco)/Fresno Family Medicine Residency Program,FM,FY 2021-22,3,0,3,0,450000,Fresno,Tier 1,
2253165-2122,St. Joseph's Medical Center Emergency Medicine Residency Program,EM,FY 2021-22,1,0,1,0,150000,San Joaquin,Tier 1,
2253262-2122,St. Joseph's Medical Center Internal Medicine Residency Program,IM,FY 2021-22,1,1,0,0,225000,San Joaquin,Tier 1,
2253167-2122,University of California (San Francisco)/Fresno Emergency Medicine Residency Program,EM,FY 2021-22,5,0,3,2,1080000,Fresno,Tier 1,
2253182-2122,Family Health Centers of San Diego Family Medicine Residency Program,FM,FY 2021-22,1,0,1,0,150000,San Diego,Tier 2,
2253234-2122,Children's Hospital Los Angeles Pediatric Residency Program,Peds,FY 2021-22,4,0,2,2,660000,Los Angeles,Tier 2,
2253209-1920,Ventura County Medical Center Family Medicine Residency Program,FM,FY 2019-20,1,0,1,0,150000,Ventura,Tier 2,
2253209-2021,Ventura County Medical Center Family Medicine Residency Program,FM,FY 2020-21,1,0,1,0,150000,Ventura,Tier 2,
2253209-2223,Ventura County Medical Center Family Medicine Residency Program,FM,FY 2022-23,1,0,1,0,150000,Ventura,Tier 2,
2253208-2021,"Valley Health Team, Inc. Family Medicine Residency Program",FM,FY 2020-21,1,0,1,0,150000,Fresno,Tier 1,
2253208-1920,"Valley Health Team, Inc. Family Medicine Residency Program",FM,FY 2019-20,1,0,1,0,150000,Fresno,Tier 1,
2253208-2223,"Valley Health Team, Inc. Family Medicine Residency Program",FM,FY 2022-23,1,0,1,0,150000,Fresno,Tier 1,
2253207-1920,Valley Consortium for Medical Education Family Medicine Residency Program,FM,FY 2019-20,1,0,1,0,150000,Stanislaus,Tier 2,
2253207-2021,Valley Consortium for Medical Education Family Medicine Residency Program,FM,FY 2020-21,1,0,1,0,150000,Stanislaus,Tier 2,
2253207-2122,Valley Consortium for Medical Education Family Medicine Residency Program,FM,FY 2021-22,1,0,1,0,150000,Stanislaus,Tier 2,
2253207-2223,Valley Consortium for Medical Education Family Medicine Residency Program,FM,FY 2022-23,2,0,2,0,300000,Stanislaus,Tier 2,
2253252-2223,Valley Children's Healthcare Pediatric Residency Program,Peds,FY 2022-23,1,0,1,0,150000,Madera,Tier 1,
2253251-1819,University of Southern California/LAC+USC Medical Center Pediatric Residency Program,Peds,FY 2018-19,2,0,2,0,450000,Los Angeles,Tier 2,
2253251-2223,University of Southern California/LAC+USC Medical Center Pediatric Residency Program,Peds,FY 2022-23,2,0,2,0,300000,Los Angeles,Tier 2,
2253256-1920,University of Southern California/LAC+USC Medical Center Obstetrics and Gynecology Residency Program,OBGYN,FY 2019-20,1,0,1,0,200000,Los Angeles,Tier 2,
2253256-2021,University of Southern California/LAC+USC Medical Center Obstetrics and Gynecology Residency Program,OBGYN,FY 2020-21,4,0,4,0,800000,Los Angeles,Tier 2,
2253256-2223,University of Southern California/LAC+USC Medical Center Obstetrics and Gynecology Residency Program,OBGYN,FY 2022-23,4,0,4,0,800000,Los Angeles,Tier 2,
2253170-2021,University of Southern California/LAC+USC Medical Center Emergency Medicine Residency Program,EM,FY 2020-21,1,0,1,0,200000,Los Angeles,Tier 2,
2253170-2223,University of Southern California/LAC+USC Medical Center Emergency Medicine Residency Program,EM,FY 2022-23,3,0,3,0,600000,Los Angeles,Tier 2,
2253293-2223,University of Southern California/LAC+USC MEDCEN IM/PEDS,Combined Program,FY 2022-23,3,0,3,0,600000,Los Angeles,Tier 2,Yes
2253231-1920,University of California Riverside Internal Medicine Residency Program,IM,FY 2019-20,2,0,0,2,360000,Riverside,Tier 1,
2253205-2021,University of California Davis Health Family Medicine Residency Program,FM,FY 2020-21,1,0,1,0,150000,Sacramento,Tier 2,
2253205-2223,University of California Davis Health Family Medicine Residency Program,FM,FY 2022-23,2,0,2,0,300000,Sacramento,Tier 2,
2253169-2021,University of California (San Francisco)/San Francisco General Hospital Emergency Medicine Residency Program,EM,FY 2020-21,1,0,0,1,240000,San Francisco,Tier 3,
2253169-1920,University of California (San Francisco)/San Francisco General Hospital Emergency Medicine Residency Program,EM,FY 2019-20,1,0,0,1,240000,San Francisco,Tier 3,
2253169-2223,University of California (San Francisco)/San Francisco General Hospital Emergency Medicine Residency Program,EM,FY 2022-23,2,0,0,2,480000,San Francisco,Tier 3,
2253249-1920,University of California (San Francisco)/Fresno Pediatric Residency Program,Peds,FY 2019-20,5,0,5,0,750000,Fresno,Tier 1,
2253249-2021,University of California (San Francisco)/Fresno Pediatric Residency Program,Peds,FY 2020-21,5,0,5,0,750000,Fresno,Tier 1,
2253249-2223,University of California (San Francisco)/Fresno Pediatric Residency Program,Peds,FY 2022-23,5,0,5,0,750000,Fresno,Tier 1,
2253254-2021,University of California (San Francisco)/Fresno Obstetrics and Gynecology Residency Program,OBGYN,FY 2020-21,4,0,4,0,800000,Fresno,Tier 1,
2253254-2223,University of California (San Francisco)/Fresno Obstetrics and Gynecology Residency Program,OBGYN,FY 2022-23,3,0,3,0,600000,Fresno,Tier 1,
2253229-1819,University of California (San Francisco)/Fresno Internal Medicine Residency Program,IM,FY 2018-19,1,0,0,1,225000,Fresno,Tier 1,
2253204-1920,University of California (San Francisco)/Fresno Family Medicine Residency Program,FM,FY 2019-20,1,0,1,0,150000,Fresno,Tier 1,
2253204-2021,University of California (San Francisco)/Fresno Family Medicine Residency Program,FM,FY 2020-21,1,0,1,0,150000,Fresno,Tier 1,
2253204-2223,University of California (San Francisco)/Fresno Family Medicine Residency Program,FM,FY 2022-23,2,0,2,0,300000,Fresno,Tier 1,
2253167-1819,University of California (San Francisco)/Fresno Emergency Medicine Residency Program,EM,FY 2018-19,3,0,1,2,900000,Fresno,Tier 1,
2253167-1920,University of California (San Francisco)/Fresno Emergency Medicine Residency Program,EM,FY 2019-20,5,0,3,2,1080000,Fresno,Tier 1,
2253167-2021,University of California (San Francisco)/Fresno Emergency Medicine Residency Program,EM,FY 2020-21,1,0,1,0,200000,Fresno,Tier 1,
2253167-2223,University of California (San Francisco)/Fresno Emergency Medicine Residency Program,EM,FY 2022-23,4,0,4,0,800000,Fresno,Tier 1,
2253247-2223,University of California (San Francisco) Pediatric Leaders Advancing Health Equity (PLUS) Program,Peds,FY 2022-23,1,0,1,0,150000,San Francisco,Tier 3,
2253253-1819,University of California (San Francisco) Obstetrics and Gynecology Residency Program,OBGYN,FY 2018-19,1,0,0,1,300000,San Francisco,Tier 3,
2253253-1920,University of California (San Francisco) Obstetrics and Gynecology Residency Program,OBGYN,FY 2019-20,3,0,0,3,720000,San Francisco,Tier 3,
2253253-2021,University of California (San Francisco) Obstetrics and Gynecology Residency Program,OBGYN,FY 2020-21,1,0,1,0,200000,San Francisco,Tier 3,
2253253-2122,University of California (San Francisco) Obstetrics and Gynecology Residency Program,OBGYN,FY 2021-22,2,0,2,0,400000,San Francisco,Tier 3,
2253253-2223,University of California (San Francisco) Obstetrics and Gynecology Residency Program,OBGYN,FY 2022-23,1,0,1,0,200000,San Francisco,Tier 3,
2253292-2122,University of California (San Francisco) Family Medicine Residency Program,FM,FY 2021-22,1,0,1,0,150000,San Francisco,Tier 3,
2253292-2223,University of California (San Francisco) Family Medicine Residency Program,FM,FY 2022-23,1,0,1,0,150000,San Francisco,Tier 3,
2253166-1819,University of California (San Diego) Emergency Medicine Residency Program,EM,FY 2018-19,2,0,2,0,600000,San Diego,Tier 2,
2253166-1920,University of California (San Diego) Emergency Medicine Residency Program,EM,FY 2019-20,2,0,0,2,480000,San Diego,Tier 2,
2253166-2021,University of California (San Diego) Emergency Medicine Residency Program,EM,FY 2020-21,1,0,1,0,200000,Imperial,Tier 2,
2253166-2223,University of California (San Diego) Emergency Medicine Residency Program,EM,FY 2022-23,2,0,1,1,440000,San Diego,Tier 2,
2285467-2223,UHS Southern California Medical Education Consortium Obstetrics and Gynecology Residency Program,OBGYN,FY 2022-23,3,3,0,0,900000,Riverside,Tier 1,
2253264-1920,UHS Southern California Medical Education Consortium Internal Medicine Residency Program,IM,FY 2019-20,1,1,0,0,225000,Los Angeles,Tier 2,
2253264-2021,UHS Southern California Medical Education Consortium Internal Medicine Residency Program,IM,FY 2020-21,1,1,0,0,225000,Los Angeles,Tier 2,
2253265-1920,UHS Southern California Medical Education Consortium Family Medicine Residency Program,FM,FY 2019-20,1,1,0,0,225000,Riverside,Tier 1,
2253265-2223,UHS Southern California Medical Education Consortium Family Medicine Residency Program,FM,FY 2022-23,1,1,0,0,225000,Riverside,Tier 1,
2253276-2021,UHS Southern California Medical Education Consortium Emergency Medicine Residency Program,EM,FY 2020-21,1,1,0,0,225000,Riverside,Tier 1,
2253276-2223,UHS Southern California Medical Education Consortium Emergency Medicine Residency Program,EM,FY 2022-23,1,1,0,0,225000,Riverside,Tier 1,
2253258-1920,UCSF Benioff Children's Hospital Oakland Pediatric Residency Program,Peds,FY 2019-20,4,0,4,0,600000,Alameda,Tier 3,
2253258-2021,UCSF Benioff Children's Hospital Oakland Pediatric Residency Program,Peds,FY 2020-21,5,0,5,0,750000,Alameda,Tier 3,
2253258-2223,UCSF Benioff Children's Hospital Oakland Pediatric Residency Program,Peds,FY 2022-23,3,0,3,0,450000,Alameda,Tier 3,
2253246-1920,UCSD/Rady Children's Hospital Pediatric Residency Program,Peds,FY 2019-20,1,0,0,1,180000,San Diego,Tier 2,
2253246-2223,UCSD/Rady Children's Hospital Pediatric Residency Program,Peds,FY 2022-23,1,0,0,1,180000,San Diego,Tier 2,
2253242-2021,UCLA David Geffen School of Medicine/UCLA Medical Center Pediatrics Residency Program,Peds,FY 2020-21,4,0,4,0,600000,Los Angeles,Tier 2,
2253242-2122,UCLA David Geffen School of Medicine/UCLA Medical Center Pediatrics Residency Program,Peds,FY 2021-22,2,0,2,0,300000,Los Angeles,Tier 2,
2253242-2223,UCLA David Geffen School of Medicine/UCLA Medical Center Pediatrics Residency Program,Peds,FY 2022-23,1,0,1,0,150000,Los Angeles,Tier 2,
2253202-2223,UCLA David Geffen School of Medicine/UCLA Family Medicine Residency Training Program,FM,FY 2022-23,2,0,2,0,300000,Los Angeles,Tier 2,
2253291-2122,UC Riverside/St. Bernardine Internal Medicine Residency Program,IM,FY 2021-22,1,1,0,0,225000,Riverside,Tier 1,
2253291-2223,UC Riverside/St. Bernardine Internal Medicine Residency Program,IM,FY 2022-23,1,1,0,0,225000,Riverside,Tier 1,
2253206-2021,UC Riverside School of Medicine/Saint Bernardine Medical Center  Family Medicine Residency Program,FM,FY 2020-21,1,0,1,0,150000,Riverside,Tier 1,
2253206-1920,UC Riverside School of Medicine/Saint Bernardine Medical Center  Family Medicine Residency Program,FM,FY 2019-20,1,0,1,0,150000,Riverside,Tier 1,
2286876-2223,UC Irvine Obstetrics and Gynecology Residency Program,OBGYN,FY 2022-23,3,0,3,0,600000,Orange,Tier 2,
2253203-1920,UC Irvine Family Medicine Residency Program,FM,FY 2019-20,1,0,1,0,150000,Orange,Tier 2,
2253203-2223,UC Irvine Family Medicine Residency Program,FM,FY 2022-23,2,0,2,0,300000,Orange,Tier 2,
2253244-1819,UC Irvine - Children's Hospital Orange County Pediatric Residency Program,Peds,FY 2018-19,2,0,2,0,450000,Orange,Tier 2,
2253244-1920,UC Irvine - Children's Hospital Orange County Pediatric Residency Program,Peds,FY 2019-20,4,0,4,0,600000,Orange,Tier 2,
2253244-2122,UC Irvine - Children's Hospital Orange County Pediatric Residency Program,Peds,FY 2021-22,4,0,4,0,600000,Orange,Tier 2,
2253244-2223,UC Irvine - Children's Hospital Orange County Pediatric Residency Program,Peds,FY 2022-23,2,0,2,0,300000,Orange,Tier 2,
2253250-2122,UC Davis Health Pediatric Residency Program,Peds,FY 2021-22,3,0,3,0,450000,Sacramento,Tier 2,
2253250-2223,UC Davis Health Pediatric Residency Program,Peds,FY 2022-23,3,0,3,0,450000,Sacramento,Tier 2,
2253255-1920,UC Davis Health Obstetrics and Gynecology Residency Training Program,OBGYN,FY 2019-20,1,0,0,1,240000,Sacramento,Tier 2,
2253255-2223,UC Davis Health Obstetrics and Gynecology Residency Training Program,OBGYN,FY 2022-23,1,0,1,0,200000,Sacramento,Tier 2,
2253201-1920,Sutter Santa Rosa Regional Hospital/University of California (San Francisco) Family Medicine Residency Program,FM,FY 2019-20,1,0,1,0,150000,Sonoma,Tier 2,
2253201-2021,Sutter Santa Rosa Regional Hospital/University of California (San Francisco) Family Medicine Residency Program,FM,FY 2020-21,1,0,1,0,150000,Sonoma,Tier 2,
2253201-2223,Sutter Santa Rosa Regional Hospital/University of California (San Francisco) Family Medicine Residency Program,FM,FY 2022-23,2,0,2,0,300000,Sonoma,Tier 2,
2284864-2223,Sutter Roseville Emergency Medicine Residency Program,EM,FY 2022-23,1,1,0,0,225000,Placer,Tier 1,
2253271-2223,Sutter Health Rural Family Medicine Residency Program,FM,FY 2022-23,1,1,0,0,225000,Amador,Tier 2,
2288524-2223,Sutter Health Family Medicine Residency Program,FM,FY 2022-23,1,0,1,0,150000,Sacramento,Tier 2,
2253240-2021,Stanford Pediatrics Residency Program,Peds,FY 2020-21,5,0,1,4,870000,San Mateo,Tier 2,
2253240-2223,Stanford Pediatrics Residency Program,Peds,FY 2022-23,2,0,2,0,300000,San Mateo,Tier 2,
2253290-2223,Stanford Health Care Sponsored - Sponsored Stanford University PEDS/Anesthesiology,Combined Program,FY 2022-23,1,0,1,0,250000,San Mateo,Tier 2,Yes
2253200-1920,Stanford Health Care - Sponsored Stanford University Family Medicine Residency Program,FM,FY 2019-20,1,0,1,0,150000,Santa Clara,Tier 3,
2253200-2021,Stanford Health Care - Sponsored Stanford University Family Medicine Residency Program,FM,FY 2020-21,1,0,1,0,150000,Santa Clara,Tier 3,
2253200-2122,Stanford Health Care - Sponsored Stanford University Family Medicine Residency Program,FM,FY 2021-22,1,0,1,0,150000,Santa Clara,Tier 3,
2253200-2223,Stanford Health Care - Sponsored Stanford University Family Medicine Residency Program,FM,FY 2022-23,1,0,0,1,180000,Santa Clara,Tier 3,
2253262-2021,St. Joseph's Medical Center Internal Medicine Residency Program,IM,FY 2020-21,3,3,0,0,675000,San Joaquin,Tier 1,
2253262-1920,St. Joseph's Medical Center Internal Medicine Residency Program,IM,FY 2019-20,4,4,0,0,900000,San Joaquin,Tier 1,
2253262-2223,St. Joseph's Medical Center Internal Medicine Residency Program,IM,FY 2022-23,1,1,0,0,225000,San Joaquin,Tier 1,
2253199-1920,St. Joseph's Medical Center Family Medicine Residency Program,FM,FY 2019-20,3,3,0,0,675000,San Joaquin,Tier 1,
2253165-1920,St. Joseph's Medical Center Emergency Medicine Residency Program,EM,FY 2019-20,5,5,0,0,1125000,San Joaquin,Tier 1,
2253165-2021,St. Joseph's Medical Center Emergency Medicine Residency Program,EM,FY 2020-21,5,5,0,0,1125000,San Joaquin,Tier 1,
2253165-2223,St. Joseph's Medical Center Emergency Medicine Residency Program,EM,FY 2022-23,1,0,0,1,180000,San Joaquin,Tier 1,
2253198-2122,St. Joseph Health Family Medicine Residency Program,FM,FY 2021-22,1,1,0,0,225000,Humboldt,Tier 2,
2253198-1920,St. Joseph Health Family Medicine Residency Program,FM,FY 2019-20,2,2,0,0,450000,Humboldt,Tier 2,
2253163-2122,LA County-Harbor-UCLA Emergency Medicine Residency Program,EM,FY 2021-22,3,0,3,0,600000,Los Angeles,Tier 2,
2253257-2021,St. Agnes Medical Center (Fresno) Family Medicine Residency Program,FM,FY 2020-21,1,1,0,0,225000,Fresno,Tier 1,
2253257-1920,St. Agnes Medical Center (Fresno) Family Medicine Residency Program,FM,FY 2019-20,2,2,0,0,450000,Fresno,Tier 1,
2253277-2021,St. Agnes Medical Center (Fresno) Emergency Medicine Residency Program,EM,FY 2020-21,5,5,0,0,1125000,Fresno,Tier 1,
2253277-2223,St. Agnes Medical Center (Fresno) Emergency Medicine Residency Program,EM,FY 2022-23,1,1,0,0,225000,Fresno,Tier 1,
2253227-2021,St Mary Medical Center Internal Medicine Residency Program,IM,FY 2020-21,2,0,1,1,330000,Los Angeles,Tier 2,
2253227-2223,St Mary Medical Center Internal Medicine Residency Program,IM,FY 2022-23,1,0,1,0,150000,Los Angeles,Tier 2,
2289330-2223,Sierra View Medical Center Internal Medicine Residency Program,IM,FY 2022-23,1,1,0,0,225000,Tulare,Tier 1,
2253197-2122,Shasta Community Health Center Family Medicine Residency Program,FM,FY 2021-22,1,0,1,0,150000,Shasta,Tier 2,
2253197-1920,Shasta Community Health Center Family Medicine Residency Program,FM,FY 2019-20,2,0,1,1,330000,Shasta,Tier 2,
2253197-2021,Shasta Community Health Center Family Medicine Residency Program,FM,FY 2020-21,1,0,1,0,150000,Shasta,Tier 2,
2253197-2223,Shasta Community Health Center Family Medicine Residency Program,FM,FY 2022-23,1,0,1,0,150000,Shasta,Tier 2,
2253226-1920,Scripps Mercy Hospital Program Internal Medicine Residency Program,IM,FY 2019-20,2,0,0,2,360000,San Diego,Tier 2,
2253226-2021,Scripps Mercy Hospital Program Internal Medicine Residency Program,IM,FY 2020-21,1,0,0,1,180000,San Diego,Tier 2,
2253226-2223,Scripps Mercy Hospital Program Internal Medicine Residency Program,IM,FY 2022-23,1,0,1,0,150000,San Diego,Tier 2,
2253196-2021,Scripps Mercy Hospital Family Medicine Residency Program,FM,FY 2020-21,1,0,0,1,180000,San Diego,Tier 2,
2253196-2223,Scripps Mercy Hospital Family Medicine Residency Program,FM,FY 2022-23,2,0,2,0,300000,San Diego,Tier 2,
2253248-1819,Santa Clara Valley Medical Center Obstetrics and Gynecology  Residency Program,OBGYN,FY 2018-19,1,0,1,0,300000,Santa Clara,Tier 3,
2253248-1920,Santa Clara Valley Medical Center Obstetrics and Gynecology  Residency Program,OBGYN,FY 2019-20,2,0,2,0,400000,Santa Clara,Tier 3,
2253248-2223,Santa Clara Valley Medical Center Obstetrics and Gynecology  Residency Program,OBGYN,FY 2022-23,1,0,1,0,200000,Santa Clara,Tier 3,
2253225-2021,Santa Clara Valley Medical Center Internal Medicine Residency Program,IM,FY 2020-21,1,0,1,0,150000,Santa Clara,Tier 3,
2289223-2223,Santa Barbara Cottage Hospital Internal Medicine Residency Program,IM,FY 2022-23,1,0,1,0,150000,Santa Barbara,Tier 2,
2253289-2122,Santa Barbara Cottage Children's Medical Center Pediatric Residency Program,Peds,FY 2021-22,3,3,0,0,675000,Santa Barbara,Tier 2,
2253289-2223,Santa Barbara Cottage Children's Medical Center Pediatric Residency Program,Peds,FY 2022-23,3,3,0,0,675000,Santa Barbara,Tier 2,
2253263-1920,San Ysidro Health Internal Medicine Residency Program,IM,FY 2019-20,4,4,0,0,900000,San Diego,Tier 2,
2253263-2021,San Ysidro Health Internal Medicine Residency Program,IM,FY 2020-21,4,4,0,0,900000,San Diego,Tier 2,
2253263-2122,San Ysidro Health Internal Medicine Residency Program,IM,FY 2021-22,2,2,0,0,450000,San Diego,Tier 2,
2253263-2223,San Ysidro Health Internal Medicine Residency Program,IM,FY 2022-23,1,1,0,0,225000,San Diego,Tier 2,
2253224-1920,San Joaquin General Hospital Internal Medicine Residency Program,IM,FY 2019-20,2,0,2,0,300000,San Joaquin,Tier 1,
2253224-2223,San Joaquin General Hospital Internal Medicine Residency Program,IM,FY 2022-23,1,0,1,0,150000,San Joaquin,Tier 1,
2253195-1920,San Joaquin General Hospital Family Medicine Residency Program,FM,FY 2019-20,1,0,1,0,150000,San Joaquin,Tier 1,
2253195-2021,San Joaquin General Hospital Family Medicine Residency Program,FM,FY 2020-21,1,0,1,0,150000,San Joaquin,Tier 1,
2253195-2122,San Joaquin General Hospital Family Medicine Residency Program,FM,FY 2021-22,3,0,3,0,450000,San Joaquin,Tier 1,
2253195-2223,San Joaquin General Hospital Family Medicine Residency Program,FM,FY 2022-23,3,0,3,0,450000,San Joaquin,Tier 1,
2253233-2122,San Bernardino County on behalf of Arrowhead Regional Medical Center Obstetrics and Gynecology Residency Program,OBGYN,FY 2021-22,3,0,3,0,600000,San Bernardino,Tier 1,
2253233-1819,San Bernardino County on behalf of Arrowhead Regional Medical Center Obstetrics and Gynecology Residency Program,OBGYN,FY 2018-19,3,0,3,0,900000,San Bernardino,Tier 1,
2253233-1920,San Bernardino County on behalf of Arrowhead Regional Medical Center Obstetrics and Gynecology Residency Program,OBGYN,FY 2019-20,3,0,3,0,600000,San Bernardino,Tier 1,
2253233-2021,San Bernardino County on behalf of Arrowhead Regional Medical Center Obstetrics and Gynecology Residency Program,OBGYN,FY 2020-21,3,0,3,0,600000,San Bernardino,Tier 1,
2253233-2223,San Bernardino County on behalf of Arrowhead Regional Medical Center Obstetrics and Gynecology Residency Program,OBGYN,FY 2022-23,3,0,3,0,600000,San Bernardino,Tier 1,
2253212-2122,San Bernardino County on behalf of Arrowhead Regional Medical Center Internal Medicine Residency Program,IM,FY 2021-22,4,0,2,2,660000,San Bernardino,Tier 1,
2253212-1920,San Bernardino County on behalf of Arrowhead Regional Medical Center Internal Medicine Residency Program,IM,FY 2019-20,2,0,2,0,300000,San Bernardino,Tier 1,
2253212-2021,San Bernardino County on behalf of Arrowhead Regional Medical Center Internal Medicine Residency Program,IM,FY 2020-21,2,0,2,0,300000,San Bernardino,Tier 1,
2253212-2223,San Bernardino County on behalf of Arrowhead Regional Medical Center Internal Medicine Residency Program,IM,FY 2022-23,5,0,4,1,780000,San Bernardino,Tier 1,
2253174-2122,San Bernardino County on behalf of Arrowhead Regional Medical Center Family Medicine Residency Program,FM,FY 2021-22,1,0,1,0,150000,San Bernardino,Tier 1,
2253174-2021,San Bernardino County on behalf of Arrowhead Regional Medical Center Family Medicine Residency Program,FM,FY 2020-21,1,0,0,1,180000,San Bernardino,Tier 1,
2253174-1920,San Bernardino County on behalf of Arrowhead Regional Medical Center Family Medicine Residency Program,FM,FY 2019-20,2,0,0,2,360000,San Bernardino,Tier 1,
2253174-2223,San Bernardino County on behalf of Arrowhead Regional Medical Center Family Medicine Residency Program,FM,FY 2022-23,1,0,1,0,150000,San Bernardino,Tier 1,
2253157-2122,San Bernardino County on behalf of Arrowhead Regional Medical Center Emergency Medicine Residency Program,EM,FY 2021-22,5,0,5,0,750000,San Bernardino,Tier 1,
2253157-1819,San Bernardino County on behalf of Arrowhead Regional Medical Center Emergency Medicine Residency Program,EM,FY 2018-19,5,0,5,0,1500000,San Bernardino,Tier 1,
2253157-1920,San Bernardino County on behalf of Arrowhead Regional Medical Center Emergency Medicine Residency Program,EM,FY 2019-20,3,0,3,0,600000,San Bernardino,Tier 1,
2253157-2021,San Bernardino County on behalf of Arrowhead Regional Medical Center Emergency Medicine Residency Program,EM,FY 2020-21,1,0,1,0,200000,San Bernardino,Tier 1,
2253157-2223,San Bernardino County on behalf of Arrowhead Regional Medical Center Emergency Medicine Residency Program,EM,FY 2022-23,3,0,3,0,450000,San Bernardino,Tier 1,
2253194-1819,Riverside University Health System/UCR Family Medicine Residency Program,FM,FY 2018-19,1,0,1,0,225000,Riverside,Tier 1,
2253194-2223,Riverside University Health System/UCR Family Medicine Residency Program,FM,FY 2022-23,3,0,3,0,450000,Riverside,Tier 1,
2253275-2021,Riverside University Health System Internal Medicine Residency Program,IM,FY 2020-21,5,5,0,0,1125000,Riverside,Tier 1,
2253275-2223,Riverside University Health System Internal Medicine Residency Program,IM,FY 2022-23,2,2,0,0,450000,Riverside,Tier 1,
2253274-2021,Riverside University Health System Emergency Medicine Residency Program,EM,FY 2020-21,5,5,0,0,1125000,Riverside,Tier 1,
2253274-2122,Riverside University Health System Emergency Medicine Residency Program,EM,FY 2021-22,5,5,0,0,1125000,Riverside,Tier 1,
2253274-2223,Riverside University Health System Emergency Medicine Residency Program,EM,FY 2022-23,4,4,0,0,900000,Riverside,Tier 1,
2253222-1920,Prime West Consortium/West Anaheim Medical Center Internal Medicine Residency Program,IM,FY 2019-20,1,0,1,0,150000,Orange,Tier 2,
2253222-2021,Prime West Consortium/West Anaheim Medical Center Internal Medicine Residency Program,IM,FY 2020-21,1,0,1,0,150000,Orange,Tier 2,
2253222-2223,Prime West Consortium/West Anaheim Medical Center Internal Medicine Residency Program,IM,FY 2022-23,1,0,1,0,150000,Orange,Tier 2,
2253288-2223,Prime West Consortium/Shasta Regional Medical Center Internal Medicine Residency Program,IM,FY 2022-23,1,1,0,0,225000,Shasta,Tier 2,
2253287-2223,Prime West Consortium/Desert Valley Hospital Family Medicine Residency Program,FM,FY 2022-23,1,1,0,0,225000,San Bernardino,Tier 1,
2253286-2223,Prime West Consortium/Chino Valley Medical Center Family Medicine Residency Program,FM,FY 2022-23,1,0,0,1,180000,Los Angeles,Tier 2,
2253285-2223,Prime West Consortium/Centinela Hospital Medical Center Internal Medicine Residency Program,IM,FY 2022-23,1,1,0,0,225000,Los Angeles,Tier 2,
2253284-2223,Prime West Consortium - Desert Valley Hospital Internal Medicine Residency Program,IM,FY 2022-23,1,1,0,0,225000,San Bernardino,Tier 1,
2253192-2021,Pomona Valley Hospital Medical Center Family Medicine Residency Program,FM,FY 2020-21,1,0,0,1,180000,Los Angeles,Tier 2,
2253192-2122,Pomona Valley Hospital Medical Center Family Medicine Residency Program,FM,FY 2021-22,1,0,0,1,180000,Los Angeles,Tier 2,
2253192-2223,Pomona Valley Hospital Medical Center Family Medicine Residency Program,FM,FY 2022-23,1,0,1,0,150000,Los Angeles,Tier 2,
2253219-2122,Olive View/UCLA Medical Center Internal Medicine Residency Program,IM,FY 2021-22,2,0,2,0,300000,Los Angeles,Tier 2,
2253219-1920,Olive View/UCLA Medical Center Internal Medicine Residency Program,IM,FY 2019-20,1,0,1,0,150000,Los Angeles,Tier 2,
2253219-2021,Olive View/UCLA Medical Center Internal Medicine Residency Program,IM,FY 2020-21,1,0,1,0,150000,Los Angeles,Tier 2,
2253219-2223,Olive View/UCLA Medical Center Internal Medicine Residency Program,IM,FY 2022-23,1,0,1,0,150000,Los Angeles,Tier 2,
2288639-2223,North East Medical Services Internal Medicine Residency Program,IM,FY 2022-23,1,1,0,0,225000,San Francisco,Tier 3,
2253190-1920,Natividad Medical Center Family Medicine Residency Program,FM,FY 2019-20,1,0,1,0,150000,Monterey,Tier 2,
2253190-2021,Natividad Medical Center Family Medicine Residency Program,FM,FY 2020-21,1,0,1,0,150000,Monterey,Tier 2,
2253190-2223,Natividad Medical Center Family Medicine Residency Program,FM,FY 2022-23,1,0,1,0,150000,Monterey,Tier 2,
2253283-2122,Mission Community Hospital Family Medicine Residency Program,FM,FY 2021-22,1,1,0,0,225000,Los Angeles,Tier 2,
2253283-2223,Mission Community Hospital Family Medicine Residency Program,FM,FY 2022-23,2,2,0,0,450000,Los Angeles,Tier 2,
2253189-2223,Mercy Medical Center (Merced) Family Medicine Residency Program,FM,FY 2022-23,2,0,2,0,300000,Merced,Tier 1,
2289239-2223,"Martin Luther King, Jr Community Hospital Internal Medicine Residency Program",IM,FY 2022-23,1,1,0,0,225000,Los Angeles,Tier 2,
2253245-1920,Marian Regional Medical Center Obstetrics and Gynecology Residency Program,OBGYN,FY 2019-20,3,3,0,0,900000,Santa Barbara,Tier 2,
2253245-1819,Marian Regional Medical Center Obstetrics and Gynecology Residency Program,OBGYN,FY 2018-19,1,0,1,0,300000,Santa Barbara,Tier 2,
2253245-2021,Marian Regional Medical Center Obstetrics and Gynecology Residency Program,OBGYN,FY 2020-21,3,3,0,0,900000,Santa Barbara,Tier 2,
2253245-2122,Marian Regional Medical Center Obstetrics and Gynecology Residency Program,OBGYN,FY 2021-22,2,2,0,0,600000,Santa Barbara,Tier 2,
2253245-2223,Marian Regional Medical Center Obstetrics and Gynecology Residency Program,OBGYN,FY 2022-23,1,0,1,0,200000,Santa Barbara,Tier 2,
2253188-2021,Marian Regional Medical Center Family Medicine Residency Program,FM,FY 2020-21,1,0,1,0,150000,Santa Barbara,Tier 2,
2253188-2223,Marian Regional Medical Center Family Medicine Residency Program,FM,FY 2022-23,1,0,1,0,150000,Santa Barbara,Tier 2,
2253273-2021,Los Robles Regional Medical Center Internal Medicine Residency Program,IM,FY 2020-21,2,2,0,0,450000,Ventura,Tier 2,
2286485-2223,Los Robles Regional Medical Center Emergency Medicine Residency Program,EM,FY 2022-23,1,1,0,0,225000,Ventura,Tier 2,
2289090-2223,Long Beach Memorial Family Medicine Residency Program,FM,FY 2022-23,1,0,1,0,150000,Los Angeles,Tier 2,
2284863-2223,Loma Linda University Medical Center - Murrieta Internal Medicine Residency Program,IM,FY 2022-23,1,1,0,0,225000,Riverside,Tier 1,
2253272-2122,Loma Linda University Medical Center - Murrieta Family Medicine Residency Program,FM,FY 2021-22,1,1,0,0,225000,Riverside,Tier 1,
2253272-2223,Loma Linda University Medical Center - Murrieta Family Medicine Residency Program,FM,FY 2022-23,3,3,0,0,675000,Riverside,Tier 1,
2253237-2223,Loma Linda University Health Education Consortium Pediatric Residency Program,Peds,FY 2022-23,5,0,5,0,750000,San Bernardino,Tier 1,
2253241-1819,Loma Linda University Health Education Consortium Obstetrics and Gynecology Residency Program,OBGYN,FY 2018-19,5,0,5,0,1500000,San Bernardino,Tier 1,
2253241-1920,Loma Linda University Health Education Consortium Obstetrics and Gynecology Residency Program,OBGYN,FY 2019-20,4,0,2,2,880000,San Bernardino,Tier 1,
2253241-2223,Loma Linda University Health Education Consortium Obstetrics and Gynecology Residency Program,OBGYN,FY 2022-23,5,0,5,0,1000000,San Bernardino,Tier 1,
2253282-2223,Loma Linda University Health Education Consortium Internal Medicine/Pediatrics Residency Program,Combined Program,FY 2022-23,3,0,3,0,600000,Riverside,Tier 1,Yes
2253218-1819,Loma Linda University Health Education Consortium Internal Medicine Residency Program,IM,FY 2018-19,3,0,0,3,675000,San Bernardino,Tier 1,
2253218-2223,Loma Linda University Health Education Consortium Internal Medicine Residency Program,IM,FY 2022-23,4,0,4,0,600000,San Bernardino,Tier 1,
2253186-1819,Loma Linda University Health Education Consortium Family Medicine Residency Program,FM,FY 2018-19,1,0,1,0,225000,San Bernardino,Tier 1,
2253186-2223,Loma Linda University Health Education Consortium Family Medicine Residency Program,FM,FY 2022-23,2,0,2,0,300000,San Bernardino,Tier 1,
2253162-2223,Loma Linda University Health Education Consortium Emergency Medicine Residency,EM,FY 2022-23,1,0,0,1,180000,San Bernardino,Tier 1,
2253261-1920,LifeLong Medical Care Family Medicine Residency Program,FM,FY 2019-20,2,2,0,0,450000,Contra Costa,Tier 2,
2253216-2122,"Kaiser Permanente Southern California (Los Angeles), Internal Medicine Training Program",IM,FY 2021-22,1,0,1,0,150000,Los Angeles,Tier 2,
2253261-2021,LifeLong Medical Care Family Medicine Residency Program,FM,FY 2020-21,2,2,0,0,450000,Contra Costa,Tier 2,
2253261-2223,LifeLong Medical Care Family Medicine Residency Program,FM,FY 2022-23,2,2,0,0,450000,Contra Costa,Tier 2,
2253238-1920,LA County-Harbor-UCLA Medical Center Pediatric Residency Program,Peds,FY 2019-20,4,0,4,0,600000,Los Angeles,Tier 2,
2253238-2021,LA County-Harbor-UCLA Medical Center Pediatric Residency Program,Peds,FY 2020-21,5,0,5,0,750000,Los Angeles,Tier 2,
2253238-2223,LA County-Harbor-UCLA Medical Center Pediatric Residency Program,Peds,FY 2022-23,3,0,3,0,450000,Los Angeles,Tier 2,
2253243-2021,LA County-Harbor-UCLA Medical Center Obstetrics and Gynecology Residency Program,OBGYN,FY 2020-21,5,0,5,0,1000000,Los Angeles,Tier 2,
2253187-1920,LA County-Harbor-UCLA Medical Center Family Medicine Residency Program,FM,FY 2019-20,1,0,1,0,150000,Los Angeles,Tier 2,
2253187-2021,LA County-Harbor-UCLA Medical Center Family Medicine Residency Program,FM,FY 2020-21,1,0,1,0,150000,Los Angeles,Tier 2,
2253187-2223,LA County-Harbor-UCLA Medical Center Family Medicine Residency Program,FM,FY 2022-23,1,0,1,0,150000,Los Angeles,Tier 2,
2253281-2223,LA County-Harbor-UCLA Internal Medicine Program,IM,FY 2022-23,1,0,1,0,150000,Los Angeles,Tier 2,
2253163-1819,LA County-Harbor-UCLA Emergency Medicine Residency Program,EM,FY 2018-19,2,0,2,0,600000,Los Angeles,Tier 2,
2253216-1920,"Kaiser Permanente Southern California (Los Angeles), Internal Medicine Training Program",IM,FY 2019-20,1,0,1,0,150000,Los Angeles,Tier 2,
2253269-2021,Kaiser Permanente Northern California Emergency Medicine Residency Program,EM,FY 2020-21,1,1,0,0,225000,Stanislaus,Tier 2,
2253221-1920,KPC Health - Hemet Global Medical Center Internal Medicine Residency Program,IM,FY 2019-20,2,0,0,2,360000,Riverside,Tier 1,
2253221-2122,KPC Health - Hemet Global Medical Center Internal Medicine Residency Program,IM,FY 2021-22,2,0,2,0,300000,Riverside,Tier 1,
2253221-2223,KPC Health - Hemet Global Medical Center Internal Medicine Residency Program,IM,FY 2022-23,1,0,1,0,150000,Riverside,Tier 1,
2253280-2223,KPC Health - Hemet Global Medical Center Family Medicine Residency Program.,FM,FY 2022-23,1,0,1,0,150000,Riverside,Tier 1,
2253239-1819,Kern Medical Center Obstetrics and Gynecology Residency Program,OBGYN,FY 2018-19,1,0,0,1,300000,Kern,Tier 1,
2253239-2223,Kern Medical Center Obstetrics and Gynecology Residency Program,OBGYN,FY 2022-23,1,0,1,0,200000,Kern,Tier 1,
2253217-1920,Kern Medical Center Internal Medicine Residency Program,IM,FY 2019-20,2,0,2,0,300000,Kern,Tier 1,
2253217-2223,Kern Medical Center Internal Medicine Residency Program,IM,FY 2022-23,1,0,0,1,180000,Kern,Tier 1,
2253161-1920,Kern Medical Center Emergency Medicine Residency Program,EM,FY 2019-20,2,0,2,0,400000,Kern,Tier 1,
2253161-2223,Kern Medical Center Emergency Medicine Residency Program,EM,FY 2022-23,2,0,2,0,400000,Kern,Tier 1,
2253270-2021,Keck Medicine Family Medicine Residency Program,FM,FY 2020-21,1,1,0,0,225000,Los Angeles,Tier 2,
2253270-2223,Keck Medicine Family Medicine Residency Program,FM,FY 2022-23,1,1,0,0,225000,Los Angeles,Tier 2,
2253185-2223,Kaweah Delta Healthcare District Emergency Medicine Residency Program,EM,FY 2022-23,1,0,1,0,150000,Tulare,Tier 1,
2253160-2223,Kaweah Delta Health Care District Family Medicine Residency Program,FM,FY 2022-23,1,0,1,0,150000,Tulare,Tier 1,
2253269-2223,Kaiser Permanente Northern California Emergency Medicine Residency Program,EM,FY 2022-23,1,1,0,0,225000,Stanislaus,Tier 2,
2253236-2021,Kaiser Permanente Los Angeles Pediatric Residency Program,Peds,FY 2020-21,3,0,2,1,480000,Los Angeles,Tier 2,
2253236-1920,Kaiser Permanente Los Angeles Pediatric Residency Program,Peds,FY 2019-20,1,0,0,1,180000,Los Angeles,Tier 2,
2253236-2223,Kaiser Permanente Los Angeles Pediatric Residency Program,Peds,FY 2022-23,1,0,0,1,180000,Los Angeles,Tier 2,
2253183-1920,John Muir Health Family Medicine Residency Program,FM,FY 2019-20,1,1,0,0,225000,Contra Costa,Tier 2,
2253183-2122,John Muir Health Family Medicine Residency Program,FM,FY 2021-22,1,0,1,0,150000,Contra Costa,Tier 2,
2253183-2223,John Muir Health Family Medicine Residency Program,FM,FY 2022-23,1,0,1,0,150000,Contra Costa,Tier 2,
2253279-2122,HCA Healthcare Riverside OBGYN Residency Program,OBGYN,FY 2021-22,5,5,0,0,1500000,Riverside,Tier 1,
2253279-2223,HCA Healthcare Riverside OBGYN Residency Program,OBGYN,FY 2022-23,1,1,0,0,300000,Riverside,Tier 1,
2253223-2021,HCA Healthcare Riverside Internal Medicine Residency Program,IM,FY 2020-21,1,0,1,0,150000,Riverside,Tier 1,
2253223-2122,HCA Healthcare Riverside Internal Medicine Residency Program,IM,FY 2021-22,1,0,1,0,150000,Riverside,Tier 1,
2253223-1920,HCA Healthcare Riverside Internal Medicine Residency Program,IM,FY 2019-20,2,0,2,0,300000,Riverside,Tier 1,
2253223-2223,HCA Healthcare Riverside Internal Medicine Residency Program,IM,FY 2022-23,1,0,1,0,150000,Riverside,Tier 1,
2253193-2122,HCA Healthcare Riverside Family Medicine Residency Program,FM,FY 2021-22,1,0,1,0,150000,Riverside,Tier 1,
2253193-1920,HCA Healthcare Riverside Family Medicine Residency Program,FM,FY 2019-20,3,3,0,0,675000,Riverside,Tier 1,
2253193-2021,HCA Healthcare Riverside Family Medicine Residency Program,FM,FY 2020-21,1,0,1,0,150000,Riverside,Tier 1,
2253193-2223,HCA Healthcare Riverside Family Medicine Residency Program,FM,FY 2022-23,1,0,1,0,150000,Riverside,Tier 1,
2253164-1920,HCA Healthcare Riverside Emergency Residency Program,EM,FY 2019-20,5,5,0,0,1125000,Riverside,Tier 1,
2253164-2021,HCA Healthcare Riverside Emergency Residency Program,EM,FY 2020-21,2,0,0,2,360000,Riverside,Tier 1,
2253164-2122,HCA Healthcare Riverside Emergency Residency Program,EM,FY 2021-22,1,0,1,0,150000,Riverside,Tier 1,
2253182-1920,Family Health Centers of San Diego Family Medicine Residency Program,FM,FY 2019-20,1,0,1,0,150000,San Diego,Tier 2,
2253182-2021,Family Health Centers of San Diego Family Medicine Residency Program,FM,FY 2020-21,1,0,1,0,150000,San Diego,Tier 2,
2253182-2223,Family Health Centers of San Diego Family Medicine Residency Program,FM,FY 2022-23,1,0,1,0,150000,San Diego,Tier 2,
2253176-1920,Emanate Health (Citrus Valley Health Partners) Family Medicine Residency Program,FM,FY 2019-20,1,1,0,0,225000,Los Angeles,Tier 2,
2253176-2021,Emanate Health (Citrus Valley Health Partners) Family Medicine Residency Program,FM,FY 2020-21,1,0,1,0,150000,Los Angeles,Tier 2,
2253176-2223,Emanate Health (Citrus Valley Health Partners) Family Medicine Residency Program,FM,FY 2022-23,1,0,1,0,150000,Los Angeles,Tier 2,
2253215-2223,Eisenhower Medical Center Internal Medicine Residency Program,IM,FY 2022-23,1,0,1,0,150000,Riverside,Tier 1,
2253181-2223,Eisenhower Medical Center Family Medicine Residency Program,FM,FY 2022-23,2,0,2,0,300000,Riverside,Tier 1,
2253159-1920,Eisenhower Medical Center Emergency Medicine Residency Program,EM,FY 2019-20,4,4,0,0,900000,Riverside,Tier 1,
2253159-2021,Eisenhower Medical Center Emergency Medicine Residency Program,EM,FY 2020-21,2,2,0,0,450000,Riverside,Tier 1,
2253159-2223,Eisenhower Medical Center Emergency Medicine Residency Program,EM,FY 2022-23,1,0,0,1,180000,Riverside,Tier 1,
2253180-2122,Dignity Health Methodist Hospital of Sacramento Family Medicine Residency Program,FM,FY 2021-22,1,0,1,0,150000,Sacramento,Tier 2,
2253180-1920,Dignity Health Methodist Hospital of Sacramento Family Medicine Residency Program,FM,FY 2019-20,1,0,0,1,180000,Sacramento,Tier 2,
2253180-2021,Dignity Health Methodist Hospital of Sacramento Family Medicine Residency Program,FM,FY 2020-21,1,0,1,0,150000,Sacramento,Tier 2,
2286416-2223,Dignity Health California Hospital Medical Center Family Medicine Residency Program,FM,FY 2022-23,1,0,1,0,150000,Los Angeles,Tier 2,
2253267-2223,Desert Regional Medical Center Family Medicine Residency Program,FM,FY 2022-23,1,0,0,1,180000,Riverside,Tier 1,
2253158-1920,Desert Regional Medical Center Emergency Medicine Residency Program,EM,FY 2019-20,2,0,2,0,300000,Riverside,Tier 1,
2253158-2021,Desert Regional Medical Center Emergency Medicine Residency Program,EM,FY 2020-21,2,0,0,2,360000,Riverside,Tier 1,
2253158-2223,Desert Regional Medical Center Emergency Medicine Residency Program,EM,FY 2022-23,1,0,1,0,150000,Riverside,Tier 1,
2253179-2223,Contra Costa Regional Medical Center Family Medicine Residency Program,FM,FY 2022-23,1,0,1,0,150000,Contra Costa,Tier 2,
2253214-1920,Community Memorial Health System Internal Medicine Residency Program,IM,FY 2019-20,1,0,0,1,180000,Ventura,Tier 2,
2253214-2223,Community Memorial Health System Internal Medicine Residency Program,IM,FY 2022-23,1,0,1,0,150000,Ventura,Tier 2,
2253178-1920,Community Memorial Health System Family Medicine Residency Program,FM,FY 2019-20,1,0,0,1,180000,Ventura,Tier 2,
2253178-2223,Community Memorial Health System Family Medicine Residency Program,FM,FY 2022-23,1,0,1,0,150000,Ventura,Tier 2,
2253220-2122,College Medical Center Long Beach Internal Medicine Residency Program,IM,FY 2021-22,1,0,1,0,150000,Los Angeles,Tier 2,
2253220-1920,College Medical Center Long Beach Internal Medicine Residency Program,IM,FY 2019-20,2,0,1,1,330000,Los Angeles,Tier 2,
2253220-2021,College Medical Center Long Beach Internal Medicine Residency Program,IM,FY 2020-21,1,0,1,0,150000,Los Angeles,Tier 2,
2253220-2223,College Medical Center Long Beach Internal Medicine Residency Program,IM,FY 2022-23,1,0,0,1,180000,Los Angeles,Tier 2,
2253177-1920,Clinica Sierra Vista - Bakersfield Family Medicine Residency Program,FM,FY 2019-20,2,0,0,2,360000,Kern,Tier 1,
2253177-2021,Clinica Sierra Vista - Bakersfield Family Medicine Residency Program,FM,FY 2020-21,2,0,0,2,360000,Kern,Tier 1,
2253177-2122,Clinica Sierra Vista - Bakersfield Family Medicine Residency Program,FM,FY 2021-22,1,0,1,0,150000,Kern,Tier 1,
2253177-2223,Clinica Sierra Vista - Bakersfield Family Medicine Residency Program,FM,FY 2022-23,1,0,1,0,150000,Kern,Tier 1,
2253191-2021,Chino Valley Medical Center Family Medicine Residency Program,FM,FY 2020-21,1,0,1,0,150000,San Bernardino,Tier 1,
2253234-1920,Children's Hospital Los Angeles Pediatric Residency Program,Peds,FY 2019-20,5,0,0,5,900000,Los Angeles,Tier 2,
2253234-2021,Children's Hospital Los Angeles Pediatric Residency Program,Peds,FY 2020-21,5,0,0,5,900000,Los Angeles,Tier 2,
2253234-2223,Children's Hospital Los Angeles Pediatric Residency Program,Peds,FY 2022-23,2,0,2,0,300000,Los Angeles,Tier 2,
2253175-2223,"Charles R Drew University of Medicine and Science, College of Medicine Family Medicine Residency Program",FM,FY 2022-23,1,0,1,0,150000,Los Angeles,Tier 2,
2253213-1819,Cedars-Sinai Medical Center Internal Medicine Residency Program,IM,FY 2018-19,1,0,1,0,225000,Los Angeles,Tier 2,
2253259-2021,AltaMed Health Services Corporation Family Medicine Residency Program,FM,FY 2020-21,2,2,0,0,450000,Los Angeles,Tier 2,
2253259-2122,AltaMed Health Services Corporation Family Medicine Residency Program,FM,FY 2021-22,3,3,0,0,675000,Los Angeles,Tier 2,
2253259-1920,AltaMed Health Services Corporation Family Medicine Residency Program,FM,FY 2019-20,1,1,0,0,225000,Los Angeles,Tier 2,
2253259-2223,AltaMed Health Services Corporation Family Medicine Residency Program,FM,FY 2022-23,1,1,0,0,225000,Los Angeles,Tier 2,
2253211-2223,Alameda Health System-Highland Hospital Internal Medicine Residency Program,IM,FY 2022-23,1,0,1,0,150000,Alameda,Tier 3,
2253156-1819,Alameda Health System-Highland Hospital Emergency Medicine Residency Program,EM,FY 2018-19,2,0,2,0,600000,Alameda,Tier 3,
2253156-1920,Alameda Health System-Highland Hospital Emergency Medicine Residency Program,EM,FY 2019-20,1,0,1,0,200000,Alameda,Tier 3,
2253156-2021,Alameda Health System-Highland Hospital Emergency Medicine Residency Program,EM,FY 2020-21,1,0,1,0,200000,Alameda,Tier 3,
2253156-2223,Alameda Health System-Highland Hospital Emergency Medicine Residency Program,EM,FY 2022-23,2,0,2,0,400000,Alameda,Tier 3,
2253232-1920,Adventist Health White Memorial Obstetrics/Gynecology Residency Program,OBGYN,FY 2019-20,3,0,2,1,640000,Los Angeles,Tier 2,
2253232-2021,Adventist Health White Memorial Obstetrics/Gynecology Residency Program,OBGYN,FY 2020-21,4,0,4,0,800000,Los Angeles,Tier 2,
2253232-2223,Adventist Health White Memorial Obstetrics/Gynecology Residency Program,OBGYN,FY 2022-23,3,0,3,0,600000,Los Angeles,Tier 2,
2253210-2021,Adventist Health White Memorial Internal Medicine Residency Program,IM,FY 2020-21,1,0,1,0,150000,Los Angeles,Tier 2,
2253210-2122,Adventist Health White Memorial Internal Medicine Residency Program,IM,FY 2021-22,1,0,0,1,180000,Los Angeles,Tier 2,
2253210-2223,Adventist Health White Memorial Internal Medicine Residency Program,IM,FY 2022-23,1,0,1,0,150000,Los Angeles,Tier 2,
2253173-1920,Adventist Health White Memorial Family Medicine Residency Program,FM,FY 2019-20,1,0,0,1,180000,Los Angeles,Tier 2,
2253173-2021,Adventist Health White Memorial Family Medicine Residency Program,FM,FY 2020-21,1,0,1,0,150000,Los Angeles,Tier 2,
2253173-2122,Adventist Health White Memorial Family Medicine Residency Program,FM,FY 2021-22,1,0,1,0,150000,Los Angeles,Tier 2,
2253173-2223,Adventist Health White Memorial Family Medicine Residency Program,FM,FY 2022-23,1,0,1,0,150000,Los Angeles,Tier 2,
2253172-1920,Adventist Health Ukiah Valley Family Medicine Residency Program,FM,FY 2019-20,1,1,0,0,225000,Mendocino,Tier 2,
2253172-2021,Adventist Health Ukiah Valley Family Medicine Residency Program,FM,FY 2020-21,1,1,0,0,225000,Mendocino,Tier 2,
2289300-2223,Adventist Health Tulare Internal Medicine Residency Program,IM,FY 2022-23,1,1,0,0,225000,Tulare,Tier 1,
2253266-2223,Adventist Health Tulare Family Medicine Residency Program,FM,FY 2022-23,1,1,0,0,225000,Tulare,Tier 1,
2253171-2021,Adventist Health Hanford Family Medicine Residency Program,FM,FY 2020-21,1,0,1,0,150000,Kings,Tier 1,
2253178-2122,Community Memorial Health System Family Medicine Residency Program,FM,FY 2021-22,1,0,1,0,150000,Ventura,Tier 2,
2253171-2223,Adventist Health Hanford Family Medicine Residency Program,FM,FY 2022-23,1,0,1,0,150000,Kings,Tier 1,
2253278-2122,Adventist Health Glendale Family Medicine Residency Program,FM,FY 2021-22,1,0,1,0,150000,Los Angeles,Tier 2,
2253278-2223,Adventist Health Glendale Family Medicine Residency Program,FM,FY 2022-23,1,0,1,0,150000,Los Angeles,Tier 2,
2289299-2223,Adventist Health Central Valley Network Hanford (Sonora) Family Medicine Residency Program,FM,FY 2022-23,1,1,0,0,225000,Tuolumne,Tier 1,
2253189-1819,Mercy Medical Center (Merced) Family Medicine Residency Program,FM,FY 2018-19,1,0,1,0,225000,Merced,Tier 1,
2253160-1920,Kaweah Delta Health Care District Family Medicine Residency Program,FM,FY 2019-20,1,0,1,0,150000,Tulare,Tier 1,
2253209-1819,Ventura County Medical Center Family Medicine Residency Program,FM,FY 2018-19,1,0,1,0,225000,Ventura,Tier 2,
2253208-1819,"Valley Health Team, Inc. Family Medicine Residency Program",FM,FY 2018-19,3,3,0,0,675000,Fresno,Tier 1,
2253207-1819,Valley Consortium for Medical Education Family Medicine Residency Program,FM,FY 2018-19,1,0,1,0,225000,Stanislaus,Tier 2,
2253252-1819,Valley Children's Healthcare Pediatric Residency Program,Peds,FY 2018-19,5,5,0,0,1295000,Madera,Tier 1,
2253231-1819,University of California Riverside Internal Medicine Residency Program,IM,FY 2018-19,1,0,1,0,225000,Riverside,Tier 1,
2253230-1819,University of California Davis Health Internal Medicine Residency Program,IM,FY 2018-19,1,0,0,1,225000,Sacramento,Tier 2,
2253249-1819,University of California (San Francisco)/Fresno Pediatric Residency Program,Peds,FY 2018-19,5,0,5,0,1125000,Fresno,Tier 1,
2253204-1819,University of California (San Francisco)/Fresno Family Medicine Residency Program,FM,FY 2018-19,1,0,1,0,225000,Fresno,Tier 1,
2253247-1819,University of California (San Francisco) Pediatric Leaders Advancing Health Equity (PLUS) Program,Peds,FY 2018-19,2,0,1,1,450000,San Francisco,Tier 3,
2253258-1819,UCSF Benioff Children's Hospital Oakland Pediatric Residency Program,Peds,FY 2018-19,3,0,3,0,675000,Alameda,Tier 3,
2253206-1819,UC Riverside School of Medicine/Saint Bernardine Medical Center  Family Medicine Residency Program,FM,FY 2018-19,1,0,1,0,225000,Riverside,Tier 1,
2253250-1819,UC Davis Health Pediatric Residency Program,Peds,FY 2018-19,2,0,2,0,450000,Sacramento,Tier 2,
2253201-1819,Sutter Santa Rosa Regional Hospital/University of California (San Francisco) Family Medicine Residency Program,FM,FY 2018-19,1,0,1,0,225000,Sonoma,Tier 2,
2253200-1819,Stanford Health Care - Sponsored Stanford University Family Medicine Residency Program,FM,FY 2018-19,1,0,1,0,225000,Santa Clara,Tier 3,
2253199-1819,St. Joseph's Medical Center Family Medicine Residency Program,FM,FY 2018-19,4,4,0,0,900000,San Joaquin,Tier 1,
2253165-1819,St. Joseph's Medical Center Emergency Medicine Residency Program,EM,FY 2018-19,3,3,0,0,675000,San Joaquin,Tier 1,
2253198-1819,St. Joseph Health Family Medicine Residency Program,FM,FY 2018-19,2,2,0,0,450000,Humboldt,Tier 2,
2253228-1819,St. Agnes Medical Center (Fresno) Internal Medicine Residency Program,IM,FY 2018-19,5,5,0,0,1225000,Fresno,Tier 1,
2253257-1819,St. Agnes Medical Center (Fresno) Family Medicine Residency Program,FM,FY 2018-19,2,2,0,0,450000,Fresno,Tier 1,
2253197-1819,Shasta Community Health Center Family Medicine Residency Program,FM,FY 2018-19,1,0,1,0,225000,Shasta,Tier 2,
2253196-1819,Scripps Mercy Hospital Family Medicine Residency Program,FM,FY 2018-19,1,0,0,1,225000,San Diego,Tier 2,
2253224-1819,San Joaquin General Hospital Internal Medicine Residency Program,IM,FY 2018-19,3,0,3,0,675000,San Joaquin,Tier 1,
2253195-1819,San Joaquin General Hospital Family Medicine Residency Program,FM,FY 2018-19,1,0,1,0,225000,San Joaquin,Tier 1,
2253212-1819,San Bernardino County on behalf of Arrowhead Regional Medical Center Internal Medicine Residency Program,IM,FY 2018-19,3,0,3,0,675000,San Bernardino,Tier 1,
2253174-1819,San Bernardino County on behalf of Arrowhead Regional Medical Center Family Medicine Residency Program,FM,FY 2018-19,1,0,0,1,225000,San Bernardino,Tier 1,
2253237-1819,Loma Linda University Health Education Consortium Pediatric Residency Program,Peds,FY 2018-19,5,0,5,0,1125000,San Bernardino,Tier 1,
2253238-1819,LA County-Harbor-UCLA Medical Center Pediatric Residency Program,Peds,FY 2018-19,3,0,3,0,675000,Los Angeles,Tier 2,
2253187-1819,LA County-Harbor-UCLA Medical Center Family Medicine Residency Program,FM,FY 2018-19,1,0,1,0,225000,Los Angeles,Tier 2,
2253221-1819,KPC Health - Hemet Global Medical Center Internal Medicine Residency Program,IM,FY 2018-19,1,0,1,0,225000,Riverside,Tier 1,
2253217-1819,Kern Medical Center Internal Medicine Residency Program,IM,FY 2018-19,3,0,3,0,675000,Kern,Tier 1,
2253183-1819,John Muir Health Family Medicine Residency Program,FM,FY 2018-19,1,1,0,0,225000,Contra Costa,Tier 2,
2253223-1819,HCA Healthcare Riverside Internal Medicine Residency Program,IM,FY 2018-19,5,5,0,0,1225000,Riverside,Tier 1,
2253193-1819,HCA Healthcare Riverside Family Medicine Residency Program,FM,FY 2018-19,4,4,0,0,900000,Riverside,Tier 1,
2253164-1819,HCA Healthcare Riverside Emergency Residency Program,EM,FY 2018-19,5,5,0,0,1225000,Riverside,Tier 1,
2253182-1819,Family Health Centers of San Diego Family Medicine Residency Program,FM,FY 2018-19,1,0,1,0,225000,San Diego,Tier 2,
2253176-1819,Emanate Health (Citrus Valley Health Partners) Family Medicine Residency Program,FM,FY 2018-19,1,1,0,0,225000,Los Angeles,Tier 2,
2253215-1819,Eisenhower Medical Center Internal Medicine Residency Program,IM,FY 2018-19,1,0,1,0,225000,Riverside,Tier 1,
2253159-1819,Eisenhower Medical Center Emergency Medicine Residency Program,EM,FY 2018-19,2,2,0,0,450000,Riverside,Tier 1,
2253158-1819,Desert Regional Medical Center Emergency Medicine Residency Program,EM,FY 2018-19,2,2,0,0,450000,Riverside,Tier 1,
2253220-1819,College Medical Center Long Beach Internal Medicine Residency Program,IM,FY 2018-19,1,0,0,1,225000,Los Angeles,Tier 2,
2253177-1819,Clinica Sierra Vista - Bakersfield Family Medicine Residency Program,FM,FY 2018-19,2,0,0,2,450000,Kern,Tier 1,
2253234-1819,Children's Hospital Los Angeles Pediatric Residency Program,Peds,FY 2018-19,4,0,0,4,900000,Los Angeles,Tier 2,
2253175-1819,"Charles R Drew University of Medicine and Science, College of Medicine Family Medicine Residency Program",FM,FY 2018-19,1,1,0,0,225000,Los Angeles,Tier 2,
2253211-1819,Alameda Health System-Highland Hospital Internal Medicine Residency Program,IM,FY 2018-19,1,0,1,0,225000,Alameda,Tier 3,
2253172-1819,Adventist Health Ukiah Valley Family Medicine Residency Program,FM,FY 2018-19,1,1,0,0,225000,Mendocino,Tier 2,
2253171-1819,Adventist Health Hanford Family Medicine Residency Program,FM,FY 2018-19,1,0,1,0,225000,Kings,Tier 1,
2253199-2223,St. Joseph's Medical Center Family Medicine Residency Program,FM,FY 2022-23,1,0,0,1,180000,San Joaquin,Tier 1,
,University of Southern California/LAC+USC MEDCEN IM/PEDS,IM,FY 2021-22,1,0,1,0,200000,Los Angeles,Tier 2,
,University of Southern California/LAC+USC MEDCEN IM/PEDS,Peds,FY 2021-22,2,0,2,0,400000,Los Angeles,Tier 2,
,Stanford Health Care Sponsored - Sponsored Stanford University PEDS/Anesthesiology,Peds,FY 2021-22,2,0,2,0,250000,San Mateo,Tier 2,
,Loma Linda University Health Education Consortium Internal Medicine/Pediatrics Residency Program,IM,FY 2021-22,2,0,2,0,400000,Riverside,Tier 1,
,University of Southern California/LAC+USC MEDCEN IM/PEDS,IM,FY 2022-23,1,0,1,0,200000,Los Angeles,Tier 2,
,University of Southern California/LAC+USC MEDCEN IM/PEDS,Peds,FY 2022-23,2,0,2,0,400000,Los Angeles,Tier 2,
,Loma Linda University Health Education Consortium Internal Medicine/Pediatrics Residency Program,Peds,FY 2022-23,1,0,1,0,200000,Riverside,Tier 1,
,Loma Linda University Health Education Consortium Internal Medicine/Pediatrics Residency Program,IM,FY 2022-23,2,0,2,0,400000,San Bernardino,Tier 1,
,Stanford Health Care Sponsored - Sponsored Stanford University PEDS/Anesthesiology,Peds,FY 2022-23,1,0,1,0,250000,San Mateo,Tier 2,
